building_ID,CVRMSE,NRMSE,MAE,MSE,Avg_Test_Loss
energy,0.5021495946631637,50.214959466316365,20.701061637182338,1119.0454289918139,0.1802936146656672
