Dataset,NRMSE
RKP,33.4886247529049
HONDA-Smart-Home,12.6389822373577
fIEECe,49.0993181904182
nrel-res,42.1540702393349
nrel-com,16.3110400523074
NDB,144.281811685894
IPC-Commercial,29.4884414817649
RHC,51.5439042658887
CEEW,63.5174365456776
ECWM,37.5020452895296
