building_ID,CVRMSE,NRMSE,MAE,Avg_Test_Loss
energy,0.5295549,52.955494,2601.6072,0.27637386322021484
energy,0.13974328,13.974327,3131.438,0.24092483520507812
