building_ID,CVRMSE,NRMSE,MAE,Avg_Test_Loss
Home6,0.38753399431594604,38.753399431594595,0.1818641247983986,0.1270741389950451
