building_ID,CVRMSE,NRMSE,MAE,Avg_Test_Loss
energy,0.90510696,90.510704,0.17211199,0.12834347784519196
