building_ID,CVRMSE,NRMSE,MAE,Avg_Test_Loss
net-zero-house,0.12638982237357713,12.638982237357714,43.141593648279596,0.2318718867745854
