building_ID,CVRMSE,NRMSE,MAE,Avg_Test_Loss
energy,0.7725028,77.250275,2.2156076,0.17045703530311584
energy,3.6770978,367.70978,0.29990342,0.08198496699333191
