building_ID,CVRMSE,NRMSE,MAE,MSE,Avg_Test_Loss
energy,0.3974632884175974,39.74632884175974,0.16425371547237622,0.12095837534824727,0.14035280093147406
