building_ID,CVRMSE,NRMSE,MAE,Avg_Test_Loss
energy,0.51133484,51.133488,21.065737,0.24257762730121613
