building_ID,CVRMSE,NRMSE,MAE,Avg_Test_Loss
energy,1.6571544,165.71545,13.788411,0.23615141212940216
