building_ID,CVRMSE,NRMSE,MAE,MSE,Avg_Test_Loss
energy,0.32420711580600786,32.420711580600795,4.190900525659951,30.46276719333829,0.05595970107242465
