Dataset,NRMSE
NEEA,93.27370986406427
HUE,45.91294535228983
iFlex,16.8728973285911
Plegma,181.73477747582612
ECCC,62.36577207727465
PSS,69.3435747669737
LEC,209.89165265154026
DTH,29.3160378956198
IBlend,32.445949742329226
UKST,64.4020634968491
Enernoc,24.348664652151157
SKC,35.117821041469604
SGSC,86.03123056957692
HES,57.08897116340907
UNICON,17.23868692073851
GoiEner,84.80841065501139
Norwegian,45.44240577572083
RSL,46.85376743696344
DGS,24.912176189961887
ENERTALK,44.644367189828074
PES,38.753399431594595
DESM,65.37439187651012
HSG,6.276404114343585
NESEMP,74.77849145427238
BDG-2,14.078685089911662
SAVE,1.5254117482561949
IRH,80.9843188160568
