building_ID,CVRMSE,NRMSE,MAE,MSE,Avg_Test_Loss
energy,0.2157280440248035,21.57280440248035,51.08716328718951,17994.854004092587,0.032426624021564536
