building_ID,CVRMSE,NRMSE,MAE,Avg_Test_Loss
Facilities,0.3244594974232923,32.445949742329226,65.5534799407105,0.442978226489248
