building_ID,CVRMSE,NRMSE,MAE,MSE,Avg_Test_Loss
energy,0.5963880206954736,59.63880206954735,1.8906058344370353,10.704092940396386,0.05567792430520058
