building_ID,CVRMSE,NRMSE,MAE,Avg_Test_Loss
energy,0.33487478,33.487484,63.9895,0.05413358844816685
