building_ID,CVRMSE,NRMSE,MAE,Avg_Test_Loss
energy,0.12092344,12.092344,75496.55,0.0021285771017574007
energy,0.009910019,0.99100196,1718.3453,7.902365177869797e-05
