building_ID,CVRMSE,NRMSE,MAE,Avg_Test_Loss
house,1.4428181168589433,144.28181168589435,18.360313780289054,0.8684366295552388
