Dataset,NRMSE
BDG-2,14.491123
DESM,65.89524
DGS,43.967804
DTH,27.109814
ECCC,60.43102
ENERTALK,87.38521
Enernoc,19.149477
GoiEner,169.0776
HES,222.48003
HSG,6.541673
HUE,119.15356
IBlend,33.487484
IRH,80.78288
LEC,240.69592
NEEA,97.047325
NESEMP,121.75538
Norwegian,45.408752
PES,90.510704
PSS,65.77127
Plegma,184.45059
RSL,113.03168
SAVE,6.353185
SGSC,113.02136
SKC,33.464912
UKST,93.702965
UNICON,21.462807
iFlex,58.94566
