building_ID,CVRMSE,NRMSE,MAE,Avg_Test_Loss
energy,0.6589524,65.89524,1.9988784,0.16491372883319855
