building_ID,CVRMSE,NRMSE,MAE,Avg_Test_Loss
active_power,0.3750204528952959,37.50204528952958,4.819716344734407,0.569810963784809
