building_ID,CVRMSE,NRMSE,MAE,Avg_Test_Loss
House1,0.6537439187651012,65.37439187651012,1.9998242004603044,0.49144550452320696
