building_ID,CVRMSE,NRMSE,MAE,Avg_Test_Loss
energy,0.12830532,12.830532,42.9469,0.10728157311677933
