Dataset,NRMSE
CEEW,89.05943
ECWM,38.300804
HONDA-Smart-Home,12.830532
IPC-Commercial,28.938675
NDB,165.71545
RHC,51.133488
RKP,148.58044
fIEECe,49.725487
nrel-com,12.191227
nrel-res,40.52765
