building_ID,CVRMSE,NRMSE,MAE,Avg_Test_Loss
WHE,0.515439042658887,51.5439042658887,22.473722828752436,0.68753589876769
