building_ID,CVRMSE,NRMSE,MAE,MSE,Avg_Test_Loss
energy,0.9200207999514575,92.00207999514573,13.120087795436751,636.5987387779297,0.23913684487342834
