building_ID,CVRMSE,NRMSE,MAE,Avg_Test_Loss
energy,0.38300803,38.300804,4.8470755,0.2505224049091339
