building_ID,CVRMSE,NRMSE,MAE,MSE,Avg_Test_Loss
energy,0.11303364572974173,11.303364572974173,38.794008682560886,3363.515059305194,0.09784960001707077
